id,first_name,last_name,player_position
5933,Carson,Palmer,QB
5935,Drew,Stanton,QB
5937,Andre,Ellington,RB
5940,David,Johnson,RB
5941,Paul,Lasike,RB
5942,Stepfan,Taylor,RB
5943,Kerwynn,Williams,RB
5944,Jaron,Brown,WR
5945,John,Brown,WR
5946,Larry,Fitzgerald,WR
5947,Michael,Floyd,WR
5948,Brittan,Golden,WR
5950,JJ,Nelson,WR
5955,Gerald,Christian,TE
5956,Darren,Fells,TE
5957,Ifeanyi,Momah,TE
5958,Troy,Niklas,TE
5976,Calais,Campbell,DE
5978,Rodney,Gunter,NT
5979,Kareem,Martin,DE
5980,Josh,Mauro,DE
5982,Shaquille,Riddick,LB
5983,Frostee,Rucker,DE
5984,Ed,Stinson,DT
5985,Corey,Peters,DT
5987,Xavier,Williams,DT
5988,Lorenzo,Alexander,LB
5991,Alani,Fua,OLB
5992,Edwin,Jackson,LB
5994,Gabe,Martin,LB
5995,Kevin,Minter,LB
5996,Alex,Okafor,LB
6001,Sean,Weatherspoon,LB
6003,Justin,Bethel,CB
6007,Patrick,Peterson,CB
6008,Jerraud,Powers,DB
6012,Deone,Bucannon,SS
6015,Tony,Jefferson,SS
6016,Rashad,Johnson,DB
6017,Harold,Jones-Quartey,SS
6018,Tyrann,Mathieu,FS
6020,Chandler,Catanzaro,K
6025,Matt,Ryan,QB
6027,Tevin,Coleman,RB
6028,Devonta,Freeman,RB
6029,Antone,Smith,RB
6031,Terron,Ward,RB
6032,Patrick,DiMarco,FB
6036,Justin,Hardy,WR
6037,Devin,Hester,WR
6038,Julio,Jones,WR
6039,Freddie,Martino,WR
6042,Eric,Weems,WR
6044,Nick,Williams,WR
6049,Jacob,Tamme,TE
6050,Levine,Toilolo,TE
6069,Adrian,Clayborn,DE
6070,Malliciah,Goodman,DE
6071,Ra'Shede,Hageman,DE
6072,Tyson,Jackson,DE
6076,Jonathan,Babineaux,DT
6079,Grady,Jarrett,DT
6081,Paul,Soliai,DT
6084,Joplo,Bartu,OLB
6085,Vic,Beasley,LB
6087,Justin,Durant,OLB
6088,Brooks,Reed,OLB
6092,Nathan,Stupar,LB
6093,Paul,Worrilow,LB
6095,Robert,Alford,CB
6096,Ricardo,Allen,FS
6097,Jalen,Collins,CB
6100,Desmond,Trufant,CB
6105,Kemal,Ishmael,SS
6110,Robenson,Therezie,FS
6111,Matt,Bryant,K
6114,Joe,Flacco,QB
6117,Matt,Schaub,QB
6119,Justin,Forsett,RB
6120,Terrence,Magee,RB
6121,Lorenzo,Taliaferro,RB
6122,Fitzgerald,Toussaint,RB
6123,Kyle,Juszczyk,FB
6125,Kamar,Aiken,WR
6127,Jeremy,Butler,WR
6128,Michael,Campanaro,WR
6130,Breshad,Perriman,WR
6131,Aldrick,Robinson,WR
6132,Steve,"Smith Sr.",WR
6133,Darren,Waller,WR
6135,Nick,Boyle,TE
6136,Crockett,Gillmore,TE
6137,Dennis,Pitta,TE
6140,Maxx,Williams,TE
6159,Steven,Means,DE
6160,Za'Darius,Smith,DE
6163,Brent,Urban,DE
6165,Lawrence,Guy,DT
6166,Timmy,Jernigan,DT
6167,Casey,Walker,DT
6168,Brandon,Williams,DT
6170,Brennen,Beyer,LB
6171,Arthur,Brown,LB
6172,Elvis,Dumervil,LB
6173,Albert,McClellan,LB
6174,C.J.,Mosley,LB
6175,Zachary,Orr,LB
6176,Daryl,Smith,LB
6177,Terrell,Suggs,LB
6178,Courtney,Upshaw,LB
6181,Asa,Jackson,DB
6182,Rashaan,Melvin,CB
6185,Lardarius,Webb,CB
6190,Terrence,Brooks,DB
6191,Matt,Elam,SS
6193,Anthony,Levine,CB
6194,Kendrick,Lewis,FS
6196,Brynden,Trawick,DB
6198,Justin,Tucker,K
6202,Matt,Cassel,QB
6203,EJ,Manuel,QB
6205,Tyrod,Taylor,QB
6209,LeSean,McCoy,RB
6212,Jerome,Felton,FB
6216,Marquise,Goodwin,WR
6217,Percy,Harvin,WR
6218,Chris,Hogan,WR
6220,Dezmin,Lewis,WR
6223,Deonte,Thompson,WR
6224,Sammy,Watkins,WR
6225,Robert,Woods,WR
6228,Charles,Clay,TE
6230,MarQueis,Gray,TE
6231,Chris,Manhertz,TE
6232,Matthew,Mulligan,TE
6233,Nick,O'Leary,TE
6249,Jerry,Hughes,DE
6254,Mario,Williams,DE
6256,Corbin,Bryant,DT
6257,Stefan,Charles,DT
6258,Marcell,Dareus,DT
6260,Justin,Hamilton,DT
6262,Kyle,Williams,DT
6265,Nigel,Bradham,LB
6266,Preston,Brown,LB
6269,Ty,Powell,LB
6272,Ron,Brooks,DB
6274,Ross,Cockrell,DB
6275,Ronald,Darby,CB
6276,Stephon,Gilmore,CB
6277,Corey,Graham,CB
6278,Leodis,McKelvin,DB
6279,Nickell,Robey-Coleman,DB
6284,Jonathan,Meeks,DB
6286,Bacarri,Rambo,SS
6287,Aaron,Williams,FS
6288,Duke,Williams,SS
6289,Dan,Carpenter,K
6290,Jordan,Gay,K
6293,Derek,Anderson,QB
6294,Cam,Newton,QB
6295,Joe,Webb,QB
6296,Cameron,Artis-Payne,RB
6298,Jonathan,Stewart,RB
6299,Jordan,Todman,RB
6300,Fozzy,Whittaker,RB
6301,Mike,Tolbert,FB
6303,Kelvin,Benjamin,WR
6304,Brenton,Bersin,WR
6306,Corey,Brown,WR
6309,Devin,Funchess,WR
6310,Ted,"Ginn Jr.",WR
6316,Ed,Dickson,TE
6317,Greg,Olsen,TE
6318,Brandon,Williams,TE
6335,Mario,Addison,DE
6338,Kony,Ealy,DE
6339,Wes,Horton,DE
6340,Charles,Johnson,DE
6344,Star,Lotulelei,DT
6345,Kyle,Love,DT
6347,Kawann,Short,DT
6348,Thomas,Davis,LB
6349,Adarius,Glanton,OLB
6351,A.J.,Klein,LB
6352,Luke,Kuechly,LB
6353,David,Mayo,LB
6356,Shaq,Thompson,OLB
6358,Ben,Benwikere,CB
6361,Josh,Norman,DB
6364,Teddy,Williams,DB
6365,Lou,Young,DB
6366,Tre,Boston,FS
6367,Kurt,Coleman,FS
6368,Roman,Harper,SS
6369,Colin,Jones,DB
6371,Graham,Gano,K
6376,Jay,Cutler,QB
6377,David,Fales,QB
6378,Ka'Deem,Carey,RB
6379,Matt,Forte,RB
6380,Jeremy,Langford,RB
6382,Jacquizz,Rodgers,RB
6384,Joshua,Bellamy,WR
6386,Alshon,Jeffery,WR
6388,Marc,Mariani,WR
6389,Cameron,Meredith,WR
6391,Eddie,Royal,WR
6393,Kevin,White,WR
6394,Marquess,Wilson,WR
6396,Martellus,Bennett,TE
6397,Zach,Miller,TE
6418,David,Bass,OLB
6419,Lamarr,Houston,DE
6420,Jarvis,Jenkins,DT
6422,Cornelius,Washington,DE
6423,Willie,Young,DE
6424,Brandon,Dunn,DT
6426,Eddie,Goldman,NT
6428,Will,Sutton,DT
6430,Sam,Acho,OLB
6431,Jonathan,Anderson,LB
6434,Mason,Foster,ILB
6435,Christian,Jones,LB
6437,Shea,McClellin,LB
6438,Pernell,McPhee,LB
6439,John,Timu,ILB
6443,Bryce,Callahan,CB
6444,Kyle,Fuller,CB
6445,Jacoby,Glenn,CB
6446,Demontre,Hurst,CB
6449,Sherrick,McManis,CB
6450,Terrance,Mitchell,DB
6451,Tracy,Porter,CB
6453,Adrian,Amos,FS
6460,Robbie,Gould,K
6464,Andy,Dalton,QB
6468,Giovani,Bernard,RB
6469,Rex,Burkhead,RB
6470,Ryan,Hewitt,RB
6471,Jeremy,Hill,RB
6472,Cedric,Peerman,RB
6473,Terrell,Watson,RB
6476,Mario,Alford,WR
6477,A.J.,Green,WR
6478,Cobi,Hamilton,WR
6479,Marvin,Jones,WR
6483,Mohamed,Sanu,WR
6484,Brandon,Tate,WR
6485,James,Wright,WR
6486,Tyler,Eifert,TE
6487,Tyler,Kroft,TE
6488,Matt,Lengel,TE
6491,C.J.,Uzomah,TE
6506,Will,Clarke,DE
6507,Carlos,Dunlap,DE
6508,Wallace,Gilberry,DE
6509,Margus,Hunt,DE
6510,Michael,Johnson,DE
6512,Geno,Atkins,DT
6515,Domata,Peko,DT
6517,Pat,Sims,DT
6518,Devon,Still,DT
6520,DeShawn,Williams,DT
6521,Vontaze,Burfict,LB
6522,Chris,Carter,LB
6523,P.J.,Dawson,OLB
6525,Marquis,Flowers,OLB
6526,A.J.,Hawk,OLB
6528,Emmanuel,Lamur,LB
6529,Rey,Maualuga,LB
6531,Vincent,Rey,LB
6532,Trevor,Roach,LB
6534,Darqueze,Dennard,CB
6536,Leon,Hall,CB
6537,Troy,Hill,CB
6538,Adam,Jones,CB
6539,Dre,Kirkpatrick,CB
6540,Chris,Lewis-Harris,CB
6542,Josh,Shaw,CB
6544,George,Iloka,SS
6545,Shiloh,Keo,DB
6546,Reggie,Nelson,DB
6548,Derron,Smith,FS
6549,Shawn,Williams,SS
6550,Mike,Nugent,K
6556,Josh,McCown,QB
6558,Isaiah,Crowell,RB
6559,Shaun,Draughn,RB
6560,Duke,"Johnson Jr.",RB
6562,Terrance,West,RB
6564,Travis,Benjamin,WR
6567,Taylor,Gabriel,WR
6570,Andrew,Hawkins,WR
6573,Vince,Mayle,WR
6575,Terrelle,"Pryor Sr.",WR
6577,Shane,Wynn,WR
6578,Gary,Barnidge,TE
6584,Randall,Telfer,TE
6599,Xavier,Cooper,DT
6600,Danny,Shelton,NT
6603,Desmond,Bryant,DE
6604,John,"Hughes III",DE
6607,Jamie,Meder,DT
6611,Billy,Winn,DE
6612,Dylan,Wynn,DT
6613,Tank,Carder,LB
6614,Karlos,Dansby,LB
6616,Chris,Kirksey,LB
6617,Paul,Kruger,LB
6618,Barkevious,Mingo,LB
6619,Nate,Orchard,LB
6620,Hayes,Pullard,OLB
6622,Craig,Robertson,LB
6625,Charles,Gaines,CB
6626,Johnson,Bademosi,DB
6627,Pierre,Desir,DB
6628,Justin,Gilbert,DB
6629,Tashaun,Gipson,DB
6630,Joe,Haden,DB
6632,Robert,Nelson,DB
6634,Jordan,Poyer,DB
6636,Donte,Whitner,DB
6638,Tramon,Williams,CB
6639,Ibraheim,Campbell,SS
6645,Tony,Romo,QB
6649,Lance,Dunbar,RB
6650,Darren,McFadden,RB
6657,Cole,Beasley,WR
6658,Dez,Bryant,WR
6660,George,Farmer,WR
6665,Devin,Street,WR
6667,Terrance,Williams,WR
6668,Gavin,Escobar,TE
6671,Geoff,Swaim,TE
6672,Jason,Witten,TE
6690,Jack,Crawford,DE
6691,Tyrone,Crawford,DE
6692,Lavar,Edwards,DE
6694,Randy,Gregory,DE
6696,DeMarcus,Lawrence,DE
6699,Ryan,Russell,DE
6703,Terrell,McClain,DT
6707,Jasper,Brinkley,MLB
6708,Andrew,Gachkar,OLB
6709,Anthony,Hitchens,LB
6712,Cameron,Lawrence,LB
6713,Sean,Lee,OLB
6715,Mark,Nzeocha,OLB
6717,Kyle,Wilber,LB
6718,Damien,Wilson,ILB
6719,Brandon,Carr,CB
6720,Morris,Claiborne,CB
6721,Byron,Jones,CB
6724,Orlando,Scandrick,CB
6728,Corey,White,DB
6730,Barry,Church,SS
6731,Jeff,Heath,SS
6733,J.J.,Wilcox,FS
6734,Dan,Bailey,K
6740,Brock,Osweiler,QB
6741,Trevor,Siemian,QB
6742,C.J.,Anderson,RB
6744,Kapri,Bibbs,RB
6745,Ronnie,Hillman,RB
6746,Jeremy,Stewart,RB
6747,Juwan,Thompson,RB
6748,Isaiah,Burse,WR
6750,Bennie,Fowler,WR
6751,Cody,Latimer,WR
6752,Jordan,Norwood,WR
6756,Emmanuel,Sanders,WR
6757,Demaryius,Thomas,WR
6762,Virgil,Green,TE
6763,Jeff,Heuerman,TE
6770,Ben,Garland,DE
6780,Malik,Jackson,DT
6781,Shane,Ray,LB
6782,Antonio,Smith,DE
6784,Derek,Wolfe,DE
6786,Darius,Kilgo,NT
6788,Sylvester,Williams,NT
6789,Shaquil,Barrett,OLB
6790,Lamin,Barrow,LB
6791,Todd,Davis,MLB
6793,Steven,Johnson,LB
6794,Brandon,Marshall,LB
6796,Lerentee,McCray,LB
6797,Von,Miller,LB
6798,Corey,Nelson,LB
6800,Danny,Trevathan,LB
6802,DeMarcus,Ware,LB
6805,Lorenzo,Doss,CB
6806,Chris,Harris,CB
6808,Taurean,Nixon,DB
6809,Bradley,Roby,CB
6810,Aqib,Talib,CB
6811,Kayvon,Webster,CB
6814,David,"Bruton Jr.",DB
6817,T.J.,Ward,SS
6818,Connor,Barth,K
6819,Brandon,McManus,K
6825,Matthew,Stafford,QB
6826,Ameer,Abdullah,RB
6827,Joique,Bell,RB
6829,Theo,Riddick,RB
6831,Zach,Zenner,FB
6832,Michael,Burton,FB
6842,Jeremy,Ross,WR
6843,Greg,Salas,WR
6844,Golden,Tate,WR
6845,Eric,Ebron,TE
6864,Ezekiel,Ansah,DE
6866,Kerry,Hyder,DE
6867,Jason,Jones,DE
6868,Darryl,Tapp,DE
6869,Devin,Taylor,DE
6870,Tyrunn,Walker,DE
6871,Larry,Webster,DE
6874,Haloti,Ngata,DT
6877,Caraun,Reid,DT
6878,Gabe,Wright,DT
6879,Josh,Bynes,LB
6880,Brandon,Copeland,LB
6882,DeAndre,Levy,OLB
6885,Julian,Stanford,LB
6886,Stephen,Tulloch,LB
6887,Kyle,"Van Noy",OLB
6888,Tahir,Whitehead,LB
6889,Crezdon,Butler,CB
6891,Quandre,Diggs,CB
6893,Nevin,Lawson,CB
6897,Darius,Slay,CB
6899,Isa,Abdul-Quddus,DB
6900,Don,Carey,SS
6901,James,Ihedigbo,SS
6902,Isaiah,Johnson,DB
6905,Glover,Quin,FS
6908,Matt,Prater,K
6912,Brett,Hundley,QB
6914,Aaron,Rodgers,QB
6915,Scott,Tolzien,QB
6916,John,Crockett,RB
6918,Eddie,Lacy,RB
6920,James,Starks,RB
6921,John,Kuhn,FB
6922,Aaron,Ripkowski,FB
6923,Jared,Abbrederis,WR
6924,Davante,Adams,WR
6926,Randall,Cobb,WR
6930,Jeff,Janis,WR
6931,Ty,Montgomery,WR
6932,Jordy,Nelson,WR
6937,Justin,Perillo,TE
6939,Richard,Rodgers,TE
6957,Datone,Jones,DE
6959,Mike,Daniels,DT
6961,Letroy,Guion,DT
6963,Mike,Pennel,DT
6965,Khyri,Thornton,DT
6966,Christian,Ringo,DE
6967,Sam,Barrington,LB
6968,Carl,Bradford,OLB
6970,Jayrone,Elliott,LB
6973,Clay,Matthews,LB
6976,Nate,Palmer,ILB
6977,Julius,Peppers,LB
6978,Nick,Perry,LB
6979,Jake,Ryan,ILB
6980,Joe,Thomas,LB
6984,Demetri,Goodson,CB
6985,Ladarius,Gunter,CB
6986,Casey,Hayward,DB
6987,Quinten,Rollins,CB
6988,Sam,Shields,CB
6989,Micah,Hyde,DB
6991,Chris,Banjo,SS
6992,Morgan,Burnett,SS
6995,Damarious,Randall,CB
6997,Mason,Crosby,K
7002,Brian,Hoyer,QB
7003,Ryan,Mallett,QB
7004,Tom,Savage,QB
7005,Alfred,Blue,RB
7006,Arian,Foster,RB
7007,Jonathan,Grimes,RB
7010,Jay,Prosch,FB
7013,DeAndre,Hopkins,WR
7016,Keshawn,Martin,WR
7017,Keith,Mumphery,WR
7019,Cecil,"Shorts III",WR
7020,Jaelen,Strong,WR
7024,C.J.,Fiedorowicz,TE
7026,Ryan,Griffin,TE
7027,Khari,Lee,TE
7037,Lynden,Trail,LB
7047,Jared,Crick,DE
7051,J.J.,Watt,DE
7052,Christian,Covington,DT
7057,Vince,Wilfork,NT
7061,Max,Bullough,LB
7063,Jadeveon,Clowney,LB
7064,Brian,Cushing,LB
7065,Akeem,Dent,LB
7066,Benardrick,McKinney,ILB
7067,Whitney,Mercilus,LB
7069,John,Simon,LB
7072,A.J.,Bouye,CB
7073,Charles,"James II",DB
7074,Kevin,Johnson,CB
7075,Johnathan,Joseph,CB
7076,Andre,Hal,DB
7077,Kareem,Jackson,DB
7078,Darryl,Morris,DB
7084,Corey,Moore,DB
7085,Rahim,Moore,FS
7086,Eddie,Pleasant,DB
7087,Randy,Bullock,K
7093,Andrew,Luck,QB
7095,Quan,Bray,WR
7096,Frank,Gore,RB
7104,Phillip,Dorsett,WR
7105,T.Y.,Hilton,WR
7106,Andre,Johnson,WR
7108,Donte,Moncrief,WR
7110,Griff,Whalen,WR
7111,Dwayne,Allen,TE
7112,Jack,Doyle,TE
7113,Coby,Fleener,TE
7115,Erik,Swoope,TE
7133,Henry,Anderson,DE
7134,Kendall,Langford,DE
7136,Montori,Hughes,DT
7137,Arthur,Jones,DT
7138,David,Parry,NT
7142,Zach,Kerr,NT
7144,Trent,Cole,OLB
7146,Jerrell,Freeman,LB
7151,D'Qwell,Jackson,LB
7152,Cam,Johnson,DE
7153,Robert,Mathis,OLB
7154,Josh,McNary,LB
7159,Erik,Walden,LB
7162,Darius,Butler,CB
7165,Vontae,Davis,CB
7169,Greg,Toler,DB
7170,Mike,Adams,SS
7171,Colt,Anderson,DB
7172,Clayton,Geathers,SS
7173,Winston,Guy,FS
7174,Dwight,Lowery,DB
7175,Dewey,McDonald,DB
7177,Adam,Vinatieri,K
7180,Blake,Bortles,QB
7181,Chad,Henne,QB
7185,Corey,Grant,RB
7188,Denard,Robinson,RB
7189,T.J.,Yeldon,RB
7190,Arrelious,Benn,WR
7195,Rashad,Greene,WR
7196,Allen,Hurns,WR
7197,Marqise,Lee,WR
7198,Allen,Robinson,WR
7199,Neal,Sterling,WR
7200,Bryan,Walters,WR
7201,Tony,Washington,WR
7202,Connor,Hamlett,TE
7203,Clay,Harbor,TE
7205,Ben,Koyack,TE
7206,Marcedes,Lewis,TE
7207,Julius,Thomas,TE
7224,Tyson,Alualu,DE
7225,Andre,Branch,DE
7228,Ryan,Davis,DE
7229,Dante,"Fowler Jr.",DE
7231,Chris,Smith,DE
7232,Richard,Ash,NT
7234,Ziggy,Hood,DE
7235,Abry,Jones,DT
7236,Sen'Derrick,Marks,DT
7237,Roy,Miller,DT
7239,Jared,Odrick,DE
7240,Thurston,Armbrister,OLB
7244,Paul,Posluszny,LB
7245,LaRoy,Reynolds,LB
7246,Matt,Robinson,LB
7247,Dan,Skuta,OLB
7248,Telvin,Smith,LB
7251,Aaron,Colvin,CB
7252,Dwayne,Gratz,CB
7254,Davon,House,CB
7255,Nick,Marshall,CB
7258,Peyton,Thompson,DB
7259,Sergio,Brown,FS
7261,Johnathan,Cyprien,SS
7263,Josh,Evans,FS
7265,James,Sample,SS
7266,Jason,Myers,K
7272,Chase,Daniel,QB
7274,Alex,Smith,QB
7275,Jamaal,Charles,RB
7276,Knile,Davis,RB
7279,Anthony,Sherman,RB
7280,De'Anthony,Thomas,RB
7281,Spencer,Ware,RB
7282,Charcandrick,West,RB
7287,Chris,Conley,WR
7293,Jeremy,Maclin,WR
7296,Albert,Wilson,WR
7298,Demetrius,Harris,TE
7299,Travis,Kelce,TE
7300,Sean,McGrath,TE
7301,James,O'Shaughnessy,TE
7320,Allen,Bailey,DE
7321,Mike,Catapano,DE
7323,Jerel,Worthy,DE
7324,Jaye,Howard,DT
7326,Rakeem,Nunez-Roches,DT
7327,Dontari,Poe,DT
7329,Nick,Williams,DT
7330,David,Irving,DT
7331,D.J.,Alexander,LB
7332,Dee,Ford,LB
7333,Tamba,Hali,LB
7336,Justin,Houston,LB
7337,Derrick,Johnson,LB
7339,Justin,March-Lillard,LB
7340,Josh,Martin,LB
7342,Dezman,Moses,LB
7343,Ramik,Wilson,ILB
7344,Frank,Zombo,LB
7345,Marcus,Cooper,CB
7346,Phillip,Gaines,CB
7347,Steven,Nelson,CB
7348,Marcus,Peters,CB
7349,Sean,Smith,DB
7355,Deji,Olatoye,CB
7356,Ron,Parker,DB
7357,Daniel,Sorensen,DB
7358,Eric,Berry,SS
7359,Tyvon,Branch,DB
7360,Kelcie,McCray,SS
7361,Cairo,Santos,K
7367,Matt,Moore,QB
7368,Ryan,Tannehill,QB
7369,Jay,Ajayi,RB
7370,Mike,Gillislee,RB
7372,Lamar,Miller,RB
7373,Damien,Williams,RB
7380,Jarvis,Landry,WR
7381,Tony,Lippett,WR
7382,Rishard,Matthews,WR
7384,DeVante,Parker,WR
7386,Kenny,Stills,WR
7388,Jordan,Cameron,TE
7392,Dion,Sims,TE
7412,Terrence,Fede,DE
7415,Derrick,Shelby,DE
7416,Olivier,Vernon,DE
7417,Cameron,Wake,DE
7418,Deandre,Coleman,DT
7420,Anthony,Johnson,DT
7422,Earl,Mitchell,DT
7424,Jordan,Phillips,DT
7425,Ndamukong,Suh,DT
7426,Neville,Hewitt,OLB
7427,Mike,Hull,LB
7428,Jelani,Jenkins,LB
7430,Chris,McCain,LB
7431,Koa,Misi,LB
7432,Spencer,Paysinger,LB
7433,Kelvin,Sheppard,LB
7434,Jordan,Tripp,OLB
7435,Zach,Vigil,OLB
7436,Philip,Wheeler,OLB
7437,Walt,Aikens,CB
7439,Will,Davis,SS
7440,Brent,Grimes,CB
7441,Bobby,McCain,CB
7442,Brice,McCain,DB
7444,Jamar,Taylor,CB
7446,Shamiel,Gary,DB
7447,Don,Jones,DB
7448,Reshad,Jones,SS
7450,Michael,Thomas,FS
7452,Andrew,Franks,K
7453,Caleb,Sturgis,K
7460,Shaun,Hill,QB
7462,Matt,Asiata,RB
7463,Joe,Banyard,RB
7464,DuJuan,Harris,RB
7465,Jerick,McKinnon,RB
7466,Adrian,Peterson,RB
7468,Zach,Line,FB
7471,Stefon,Diggs,WR
7473,Isaac,Fruechte,WR
7474,Charles,Johnson,WR
7477,Cordarrelle,Patterson,WR
7478,Adam,Thielen,WR
7479,Mike,Wallace,WR
7480,Jarius,Wright,WR
7481,Brandon,Bostick,TE
7482,Rhett,Ellison,TE
7484,MyCole,Pruitt,TE
7485,Kyle,Rudolph,TE
7503,Scott,Crichton,DE
7505,Everson,Griffen,DE
7506,Danielle,Hunter,DE
7509,Brian,Robison,DE
7510,Justin,Trattou,DE
7514,Tom,Johnson,DT
7515,Linval,Joseph,DT
7517,Shamar,Stephen,DT
7518,Anthony,Barr,LB
7519,Audie,Cole,LB
7520,Chad,Greenway,LB
7521,Gerald,Hodges,ILB
7523,Eric,Kendricks,LB
7525,Michael,Mauti,OLB
7526,Brian,Peters,LB
7527,Edmond,Robinson,OLB
7530,Justin,Coleman,CB
7531,Captain,Munnerlyn,CB
7532,Terence,Newman,CB
7534,Jabari,Price,CB
7535,Xavier,Rhodes,CB
7536,Josh,Robinson,DB
7537,Marcus,Sherels,CB
7539,Trae,Waynes,CB
7540,Robert,Blanton,DB
7541,Antone,"Exum Jr.",CB
7542,Anthony,Harris,SS
7543,Andrew,Sendejo,SS
7544,Harrison,Smith,FS
7545,Blair,Walsh,K
7549,Tom,Brady,QB
7551,Jimmy,Garoppolo,QB
7552,LeGarrette,Blount,RB
7553,Brandon,Bolden,RB
7554,Travaris,Cadet,RB
7557,Dion,Lewis,RB
7558,James,White,RB
7559,James,Develin,FB
7560,Danny,Amendola,WR
7564,Julian,Edelman,WR
7567,Chris,Harper,WR
7569,Brandon,LaFell,WR
7571,Matthew,Slater,WR
7574,AJ,Derby,TE
7575,Rob,Gronkowski,TE
7595,Trey,Flowers,DE
7596,Geneo,Grissom,DE
7597,Chandler,Jones,DE
7598,Rob,Ninkovich,DE
7599,Malcom,Brown,DT
7600,Chris,Jones,DT
7601,Sealver,Siliga,DT
7602,Alan,Branch,NT
7603,Dominique,Easley,DT
7606,Jabaal,Sheard,DE
7609,Jamie,Collins,LB
7610,Darius,Fleming,LB
7612,Jonathan,Freeny,MLB
7613,Dont'a,Hightower,LB
7619,Dekoda,Watson,LB
7622,Malcolm,Butler,CB
7626,Robert,McClain,CB
7627,Darryl,Roberts,CB
7628,Logan,Ryan,CB
7629,Nate,Ebner,DB
7630,Duron,Harmon,DB
7632,Brandon,King,DB
7633,Devin,McCourty,DB
7635,Tavon,Wilson,DB
7636,Patrick,Chung,SS
7637,Jordan,Richards,SS
7638,Stephen,Gostkowski,K
7641,Drew,Brees,QB
7646,Tim,Hightower,RB
7647,Mark,Ingram,RB
7648,Marcus,Murphy,RB
7649,Khiry,Robinson,RB
7650,C.J.,Spiller,RB
7651,Austin,Johnson,FB
7654,Brandon,Coleman,WR
7656,Brandin,Cooks,WR
7665,Willie,Snead,WR
7668,Orson,Charles,TE
7669,Josh,Hill,TE
7690,Akiem,Hicks,DE
7691,Cameron,Jordan,DE
7694,Tyeler,Davison,DT
7700,John,Jenkins,DT
7702,Stephone,Anthony,MLB
7704,Kasim,Edebali,LB
7705,Dannell,Ellerbe,OLB
7710,Ramon,Humber,LB
7715,Brian,Dixon,CB
7720,P.J.,Williams,CB
7722,Delvin,Breaux,CB
7723,Rafael,Bush,DB
7724,Jairus,Byrd,FS
7726,Jamarca,Sanford,SS
7727,Vinnie,Sunseri,DB
7728,Kenny,Vaccaro,SS
7731,Dustin,Hopkins,K
7734,Eli,Manning,QB
7737,Orleans,Darkwa,RB
7739,Akeem,Hunt,RB
7740,Rashad,Jennings,RB
7741,Shane,Vereen,RB
7742,Andre,Williams,RB
7744,Will,Tye,TE
7746,Odell,"Beckham Jr.",WR
7748,Victor,Cruz,WR
7749,Geremy,Davis,WR
7752,Dwayne,Harris,WR
7758,Larry,Donnell,TE
7780,Robert,"Ayers Jr.",DE
7782,Damontre,Moore,DE
7783,Owamagbe,Odighizuwa,DE
7784,Jason,Pierre-Paul,DE
7787,Kerry,Wynn,DE
7788,Jay,Bromley,DT
7791,Johnathan,Hankins,DT
7792,Cullen,Jenkins,DT
7797,Jonathan,Casillas,OLB
7799,Mark,Herzlich,LB
7801,Devon,Kennard,LB
7805,Prince,Amukamara,CB
7806,Chykie,Brown,DB
7811,Dominique,Rodgers-Cromartie,CB
7813,Trevin,Wade,DB
7814,Nat,Berhe,SS
7815,Landon,Collins,FS
7820,Mykkele,Thompson,DB
7821,Chris,Boswell,K
7822,Josh,Brown,K
7826,Ryan,Fitzpatrick,QB
7828,Bryce,Petty,QB
7829,Geno,Smith,QB
7830,Chris,Ivory,RB
7831,Bilal,Powell,RB
7832,Daryl,Richardson,RB
7833,Stevan,Ridley,RB
7837,Eric,Decker,WR
7838,Quincy,Enunwa,WR
7842,Jeremy,Kerley,WR
7843,Brandon,Marshall,WR
7846,Walter,Powell,WR
7848,Devin,Smith,WR
7849,Jace,Amaro,TE
7851,Kellen,Davis,TE
7873,Julian,Howsare,DE
7874,Lorenzo,Mauldin,DE
7876,Leonard,Williams,DT
7877,T.J.,Barnes,DT
7878,Leger,Douzable,DT
7879,Sheldon,Richardson,DT
7880,Deon,Simon,DT
7882,Damon,Harrison,DT
7884,Muhammad,Wilkerson,DE
7887,Demario,Davis,LB
7888,David,Harris,LB
7889,Erin,Henderson,LB
7890,Taiwan,Jones,LB
7894,Trevor,Reilly,LB
7896,Antonio,Cromartie,DB
7898,Dexter,McDougle,CB
7900,Dashaun,Phillips,DB
7901,Darrelle,Revis,CB
7902,Buster,Skrine,DB
7904,Marcus,Williams,CB
7905,Antonio,Allen,DB
7906,Durell,Eskridge,FS
7907,Marcus,Gilchrist,FS
7909,Rontez,Miles,DB
7910,Calvin,Pryor,FS
7911,Nick,Folk,K
7916,Derek,Carr,QB
7918,Matt,McGloin,QB
7920,George,"Atkinson III",RB
7923,Taiwan,Jones,RB
7924,Latavius,Murray,RB
7926,Jamize,Olawale,FB
7927,Marcel,Reece,FB
7928,Brice,Butler,WR
7929,Amari,Cooper,WR
7930,Michael,Crabtree,WR
7935,Andre,Holmes,WR
7936,Seth,Roberts,WR
7937,Rod,Streater,WR
7943,Mychal,Rivera,TE
7944,Lee,Smith,TE
7945,Clive,Walford,TE
7962,Denico,Autry,DE
7963,Mario,Edwards,DE
7965,Benson,Mayowa,DE
7968,C.J.,Wilson,DE
7969,Justin,Ellis,DT
7971,Stacy,McGee,DT
7972,Leon,Orr,DT
7973,Dan,Williams,DT
7975,Ray-Ray,Armstrong,OLB
7979,Ben,Heeney,OLB
7981,Khalil,Mack,LB
7983,Sio,Moore,LB
7984,Malcolm,Smith,OLB
7987,T.J.,Carrie,CB
7988,Chimdi,Chekwa,DB
7991,D.J.,Hayden,CB
7992,Dexter,McDonald,CB
7993,Keith,McGill,CB
7994,Neiko,Thorpe,CB
7997,Nate,Allen,SS
8003,Sebastian,Janikowski,K
8008,Matt,Barkley,QB
8009,Sam,Bradford,QB
8011,Mark,Sanchez,QB
8013,Kenjon,Barner,RB
8014,Ryan,Mathews,RB
8015,Raheem,Mostert,RB
8016,DeMarco,Murray,RB
8017,Darren,Sproles,RB
8019,Nelson,Agholor,WR
8026,Josh,Huff,WR
8028,Jordan,Matthews,WR
8030,Trey,Burton,TE
8031,Brent,Celek,TE
8032,Zach,Ertz,TE
8034,Eric,Tomlinson,TE
8052,Fletcher,Cox,DE
8053,Vinny,Curry,DE
8054,Taylor,Hart,DE
8057,Cedric,Thornton,DE
8058,Beau,Allen,DT
8060,Bennie,Logan,DT
8063,Kiko,Alonso,LB
8064,Connor,Barwin,LB
8065,Bryan,Braman,LB
8067,Najee,Goode,LB
8068,Brandon,Graham,LB
8070,Jordan,Hicks,ILB
8072,Mychal,Kendricks,LB
8075,Marcus,Smith,LB
8077,Brandon,Boykin,DB
8078,Nolan,"Carroll II",CB
8080,Byron,Maxwell,DB
8081,Denzel,Rice,DB
8082,JaCorey,Shepherd,CB
8084,Jaylen,Watkins,CB
8086,Malcolm,Jenkins,FS
8087,Chris,Maragos,FS
8088,Chris,Prosinski,SS
8089,Ed,Reynolds,FS
8090,Eric,Rowe,CB
8092,Cody,Parkey,K
8098,Landry,Jones,QB
8100,Ben,Roethlisberger,QB
8102,Le'Veon,Bell,RB
8106,DeAngelo,Williams,RB
8109,Antonio,Brown,WR
8111,Sammie,Coates,WR
8112,C.J.,Goodwin,WR
8113,Darrius,Heyward-Bey,WR
8115,Eli,Rogers,WR
8116,Markus,Wheaton,WR
8120,Jesse,James,TE
8140,Anthony,Chickillo,DE
8145,Cameron,Heyward,DE
8146,Stephon,Tuitt,DE
8147,Cam,Thomas,DT
8148,Leterrius,Walton,DT
8149,Steve,McLendon,NT
8151,Daniel,McCullers,NT
8153,Bud,Dupree,OLB
8154,Terence,Garvin,LB
8156,James,Harrison,LB
8157,Howard,Jones,DE
8158,Jarvis,Jones,LB
8160,Arthur,Moats,LB
8161,Roosevelt,Nix-Jones,FB
8162,Ryan,Shazier,LB
8163,Sean,Spence,LB
8164,Lawrence,Timmons,LB
8165,Vince,Williams,LB
8168,Antwon,Blake,DB
8170,William,Gay,CB
8173,B.W.,Webb,DB
8175,Jordan,Dangerfield,FS
8177,Robert,Golden,FS
8180,Mike,Mitchell,FS
8181,Shamarko,Thomas,SS
8188,Kellen,Clemens,QB
8190,Philip,Rivers,QB
8195,Melvin,Gordon,RB
8198,Danny,Woodhead,RB
8199,Keenan,Allen,WR
8204,Dontrelle,Inman,WR
8208,Tyrell,Williams,WR
8211,Antonio,Gates,TE
8212,Ladarius,Green,TE
8213,David,Johnson,TE
8217,John,Phillips,TE
8233,Kyle,Emanuel,DE
8235,Ricardo,Mathews,DE
8237,Kendall,Reyes,DT
8240,Corey,Liuget,DT
8241,Tenny,Palepoi,DE
8242,Darius,Philon,DE
8243,Damion,Square,DT
8244,Mitch,Unrein,DE
8245,Ryan,Carrethers,NT
8248,Jeremiah,Attaochu,LB
8249,Donald,Butler,LB
8251,Nick,Dzubnar,LB
8253,Melvin,Ingram,LB
8255,Denzel,Perryman,ILB
8256,Manti,Te'o,LB
8260,Chris,Davis,CB
8262,Brandon,Flowers,CB
8264,Craig,Mager,CB
8265,Patrick,Robinson,CB
8267,Jason,Verrett,CB
8271,Jahleel,Addae,SS
8272,Adrian,Phillips,DB
8273,Darrell,Stuckey,DB
8274,Eric,Weddle,DB
8276,Josh,Lambo,K
8277,Nick,Novak,K
8283,Russell,Wilson,QB
8286,Christine,Michael,RB
8287,Thomas,Rawls,RB
8288,Rod,Smith,RB
8289,Robert,Turbin,RB
8291,Will,Tukuafu,FB
8292,Doug,Baldwin,WR
8295,Jermaine,Kearse,WR
8296,Tyler,Lockett,WR
8301,Paul,Richardson,WR
8303,Kasen,Williams,WR
8305,Jimmy,Graham,TE
8308,Luke,Willson,TE
8321,Cliff,Avril,DE
8322,Michael,Bennett,DE
8323,Frank,Clark,DE
8327,Cassius,Marsh,DE
8332,Julius,Warmsley,DE
8334,Tony,McDaniel,DT
8335,T.Y.,McGill,DT
8336,Brandon,Mebane,DT
8337,Ahtyba,Rubin,DT
8343,Tyrell,Adams,LB
8344,Brock,Coyle,LB
8345,Bruce,Irvin,LB
8346,Mike,Morgan,LB
8348,Kevin,Pierre-Louis,LB
8350,Bobby,Wagner,LB
8351,K.J.,Wright,LB
8352,Will,Blackmon,CB
8353,Jeremy,Lane,CB
8354,DeShawn,Shead,CB
8355,Richard,Sherman,CB
8356,Tharold,Simon,CB
8359,Marcus,Burley,DB
8361,Kam,Chancellor,SS
8363,Ronald,Martin,SS
8364,Eric,Pinkins,LB
8366,Steven,Terrell,FS
8367,Earl,Thomas,FS
8369,Steven,Hauschka,K
8373,Blaine,Gabbert,QB
8374,Colin,Kaepernick,QB
8376,Reggie,Bush,RB
8377,Mike,Davis,RB
8381,Carlos,Hyde,RB
8386,Anquan,Boldin,WR
8391,Quinton,Patton,WR
8393,DeAndre,Smelter,WR
8394,Torrey,Smith,WR
8397,Blake,Bell,TE
8398,Derek,Carrier,TE
8399,Garrett,Celek,TE
8401,Vernon,Davis,TE
8402,Xavier,Grimble,TE
8403,Vance,McDonald,TE
8404,Kyle,Nelson,TE
8420,Arik,Armstead,DE
8422,Eli,Harold,OLB
8424,Tank,Carradine,DT
8425,Quinton,Dial,DT
8426,Tony,Jerod-Eddie,DT
8427,Mike,Purcell,DT
8429,Garrison,Smith,DT
8431,Glenn,Dorsey,NT
8433,Nick,Bellore,LB
8435,NaVorro,Bowman,ILB
8436,Ahmad,Brooks,LB
8437,Corey,Lemonier,LB
8438,Aaron,Lynch,LB
8439,Nick,Moody,LB
8440,Shayne,Skov,ILB
8441,Aldon,Smith,OLB
8442,Michael,Wilhoite,LB
8443,Kenneth,Acker,CB
8444,Tramaine,Brock,CB
8447,Leon,McFadden,DB
8448,Keith,Reaser,CB
8449,Shareece,Wright,CB
8450,Marcus,Cromartie,DB
8451,Dontae,Johnson,DB
8453,Antoine,Bethea,SS
8455,Eric,Reid,FS
8456,Jaquiski,Tartt,SS
8457,Jimmie,Ward,SS
8460,Phil,Dawson,K
8463,Nick,Foles,QB
8464,Case,Keenum,QB
8465,Sean,Mannion,QB
8466,Malcolm,Brown,RB
8467,Benjamin,Cunningham,RB
8469,Todd,Gurley,RB
8471,Isaiah,Pead,RB
8472,Chase,Reynolds,RB
8475,Tavon,Austin,WR
8478,Kenny,Britt,WR
8481,Bradley,Marquez,WR
8482,Brian,Quick,WR
8487,Jared,Cook,TE
8489,Cory,Harkey,TE
8490,Lance,Kendricks,TE
8506,William,Hayes,DE
8507,Chris,Long,DE
8508,Matt,Longacre,DE
8509,Robert,Quinn,DE
8510,Eugene,Sims,DE
8511,Michael,Brockers,DT
8512,Aaron,Donald,DT
8513,Nick,Fairley,DT
8515,Ethan,Westbrooks,DT
8518,Akeem,Ayers,OLB
8519,Daren,Bates,LB
8521,Bryce,Hager,ILB
8522,James,Laurinaitis,LB
8523,Cameron,Lynch,LB
8526,Alec,Ogletree,MLB
8527,Korey,Toomer,LB
8529,E.J.,Gaines,CB
8531,Janoris,Jenkins,DB
8532,Trumaine,Johnson,CB
8533,Marcus,Roberson,CB
8534,Lamarcus,Joyner,DB
8536,Maurice,Alexander,FS
8537,Mark,Barron,OLB
8538,Christian,Bryant,DB
8539,Cody,Davis,DB
8542,T.J.,McDonald,SS
8543,Rodney,McLeod,DB
8544,Greg,Zuerlein,K
8548,Mike,Glennon,QB
8550,Jameis,Winston,QB
8553,Mike,James,RB
8554,Doug,Martin,RB
8555,Bobby,Rainey,RB
8556,Charles,Sims,RB
8562,Mike,Evans,WR
8565,Adam,Humphries,WR
8566,Vincent,Jackson,WR
8567,Tavarres,King,WR
8569,Russell,Shepard,WR
8570,Cameron,Brate,TE
8571,Brandon,Myers,TE
8572,Austin,Seferian-Jenkins,TE
8573,Luke,Stocker,TE
8589,Ryan,Delaire,DE
8592,William,Gholston,DE
8595,Jacquies,Smith,DE
8601,Gerald,McCoy,DT
8602,Clinton,McDonald,DT
8604,Akeem,Spence,DT
8605,Kwon,Alexander,MLB
8607,Bruce,Carter,MLB
8608,Lavonte,David,LB
8612,Josh,Keyes,LB
8617,Johnthan,Banks,CB
8619,Deshazor,Everett,CB
8622,Leonard,Johnson,DB
8623,Sterling,Moore,DB
8624,Alterraun,Verner,CB
8627,Chris,Conte,SS
8629,Bradley,McDougald,SS
8630,D.J.,Swearinger,DB
8631,Keith,Tandy,FS
8633,Major,Wright,SS
8635,Patrick,Murray,K
8640,Marcus,Mariota,QB
8643,Charlie,Whitehurst,QB
8644,Antonio,Andrews,RB
8647,Dexter,McCluster,RB
8649,Jalston,Fowler,FB
8652,Harry,Douglas,WR
8655,Dorial,Green-Beckham,WR
8656,Justin,Hunter,WR
8658,Tre,McBride,WR
8663,Kendall,Wright,WR
8665,Anthony,Fasano,TE
8667,Phillip,Supernaw,TE
8668,Delanie,Walker,TE
8689,Angelo,Blackson,DE
8690,Jurrell,Casey,DT
8693,DaQuan,Jones,DE
8694,Karl,Klug,DE
8696,Al,Woods,NT
8698,Zach,Brown,ILB
8701,Zaviar,Gooden,LB
8704,Derrick,Morgan,LB
8705,Brian,Orakpo,OLB
8707,Justin,Staples,LB
8710,Avery,Williamson,LB
8711,Wesley,Woodyard,LB
8713,Perrish,Cox,CB
8715,Jason,McCourty,CB
8716,Cody,Riggs,CB
8718,Coty,Sensabaugh,DB
8720,Marqueston,Huff,DB
8723,Michael,Griffin,FS
8725,Da'Norris,Searcy,SS
8726,Daimion,Stafford,SS
8728,Ryan,Succop,K
8731,Kirk,Cousins,QB
8732,Robert,"Griffin III",QB
8736,Matt,Jones,RB
8737,Alfred,Morris,RB
8739,Chris,Thompson,RB
8744,Jamison,Crowder,WR
8745,Quinton,Dunbar,CB
8746,Pierre,Garcon,WR
8747,Ryan,Grant,WR
8748,DeSean,Jackson,WR
8751,Andre,Roberts,WR
8752,Rashad,Ross,WR
8756,Je'Ron,Hamm,TE
8758,Niles,Paul,TE
8759,Logan,Paulsen,TE
8760,Jordan,Reed,TE
8778,Ricky,"Jean Francois",DE
8782,Chris,Baker,NT
8783,Kedric,Golston,DE
8785,Stephen,Paea,DE
8786,Robert,Thomas,NT
8787,Houston,Bates,LB
8788,Will,Compton,LB
8794,Ryan,Kerrigan,LB
8797,Trent,Murphy,LB
8799,Perry,"Riley Jr.",LB
8800,Keenan,Robinson,LB
8801,Preston,Smith,DE
8802,Martrell,Spaight,LB
8804,David,Amerson,CB
8805,Bashaud,Breeland,CB
8807,DeAngelo,Hall,CB
8812,Dashon,Goldson,DB
8813,Duke,Ihenacho,SS
8814,Jeron,Johnson,DB
8817,Kai,Forbath,K
8821,"Ha Ha",Clinton-Dix,FS
8851,Chris,Johnson,RB
8853,Red,Bryant,DT
8871,Jermaine,Gresham,TE
8875,Brandon,Spikes,LB
8896,Quintin,Demps,SS
8904,Dwight,Freeney,LB
8927,Deontae,Skinner,LB
9001,Marcus,Ball,DB
9013,Josh,Thomas,DB
9018,Keith,Smith,LB
9052,Javorius,Allen,RB
9059,Lucky,Whitehead,WR
9061,Jude,Adjei-Barimah,CB
9065,Daniel,Brown,WR
9569,Maurice,Canady,CB
9572,Shaq,Lawson,DB
9574,Maliek,Collins,DB
9577,Jonathan,Woodard,DB
9578,Will,Redmond,DB
9582,Bronson,Hill,RB
9584,L.J.,Fort,LB
9587,Al-Hajj,Shabazz,DB
9598,Matt,Wile,K
9601,Mack,Brown,RB
9605,Josh,Johnson,CB
9607,Zaire,Anderson,LB
9611,Jordan,Taylor,WR
9616,D.J.,Tialavea,TE
9626,Trovon,Reed,CB
9665,Keanu,Neal,SS
9667,Bronson,Kaufusi,DE
9669,Kenneth,Dixon,RB
9671,Jonathan,Williams,RB
9691,Pharoh,Cooper,WR
9693,Brian,Randolph,DB
9694,Kenyan,Drake,RB
9695,Xavien,Howard,CB
9697,Malcolm,Mitchell,WR
9698,Daniel,Lasco,RB
9701,Sheldon,Rankins,DT
9704,Darian,Thompson,DE
9710,Wendell,Smallwood,RB
9712,Carson,Wentz,QB
9719,Terrell,Chestnut,CB
9720,Nick,Vannett,TE
9724,Steven,Daniels,ILB
9725,Josh,Doctson,WR
9728,Matthias,Farley,DB
9729,Trevon,Hartfield,DB
9732,Harlan,Miller,CB
9733,Robert,Nkemdiche,DT
9737,Hakeem,Valles,TE
9738,Brandon,Williams,CB
9740,De'Vondre,Campbell,OLB
9741,Austin,Hooper,TE
9742,Deion,Jones,OLB
9743,J.D.,McKissic,RB
9744,Sharrod,Neasman,DB
9745,Josh,Perkins,TE
9746,Brian,Poole,DB
9749,Brandon,Wilds,RB
9750,Kamalei,Correa,LB
9753,Matt,Judon,LB
9755,Chris,Moore,WR
9756,Victor,Ochi,LB
9757,Patrick,Onwuasor,LB
9758,Michael,Pierce,DT
9762,Tavon,Young,CB
9765,Glenn,Gronkowski,FB
9766,Cardale,Jones,QB
9768,Kevon,Seymour,CB
9769,Adolphus,Washington,DT
9770,James,Bradberry,CB
9771,Vernon,Butler,DT
9772,Damiere,Byrd,WR
9773,Jeremy,Cash,LB
9775,Jared,Norris,ILB
9776,Zack,Sanchez,CB
9780,Daryl,Worley,CB
9781,Devante,Bausby,CB
9782,Ben,Braunecker,TE
9783,Daniel,Braverman,WR
9784,Jonathan,Bullard,DT
9785,Deon,Bush,DB
9788,Leonard,Floyd,OLB
9789,Deiondre',Hall,CB
9790,DeAndre,Houston-Carson,FS
9791,Jordan,Howard,RB
9792,Nick,Kwiatkoski,ILB
9797,Tyler,Boyd,WR
9801,Cody,Core,WR
9804,Alex,Erickson,WR
9805,Clayton,Fejedelem,DE
9807,Tony,McRae,CB
9812,Nick,Vigil,ILB
9816,Dominique,Alexander,ILB
9819,Corey,Coleman,WR
9820,Seth,Devalve,TE
9823,Rashard,Higgins,WR
9825,Tracy,Howard,CB
9826,Cody,Kessler,QB
9827,Derrick,Kindred,FS
9828,Ricardo,Louis,WR
9830,Carl,Nassib,DE
9832,Emmanuel,Ogbah,DE
9833,Jordan,Payton,WR
9834,Joe,Schobert,OLB
9835,Scooby,Wright,ILB
9837,Anthony,Brown,CB
9839,Ezekiel,Elliott,RB
9840,Kavon,Frazier,SS
9843,Deon,King,LB
9845,Dak,Prescott,QB
9849,Devontae,Booker,RB
9851,Adam,Gotsis,DT
9852,Andy,Janovich,FB
9853,Paxton,Lynch,QB
9855,Will,Parks,DB
9856,Kyle,Peko,NT
9857,Justin,Simmons,FS
9858,Adairius,Barnes,CB
9862,Miles,Killebrew,SS
9863,A'Shawn,Robinson,DT
9864,Dwayne,Washington,RB
9865,Cole,Wick,TE
9866,Antwione,Williams,LB
9867,Anthony,Zettel,DT
9868,Kentrell,Brice,DB
9869,Brandon,Burks,RB
9871,Kenny,Clark,NT
9872,Trevor,Davis,WR
9873,Makinton,Dorleant,DB
9874,Marwin,Evans,DB
9875,Kyler,Fackrell,OLB
9876,Josh,Hawkins,CB
9877,Dean,Lowry,DE
9878,Blake,Martinez,ILB
9881,Stephen,Anderson,TE
9882,K.J.,Dillon,DE
9883,Tyler,Ervin,RB
9884,Will,Fuller,WR
9885,Joel,Heath,DT
9886,Braxton,Miller,WR
9887,D.J.,Reader,NT
9888,Brennan,Scarlett,LB
9892,Josh,Ferguson,RB
9893,T.J.,Green,FS
9896,Curt,Maggitt,OLB
9897,Antonio,Morrison,ILB
9898,Hassan,Ridgeway,DT
9899,Chris,Rogers,WR
9900,Ron,Thompson,LB
9901,Frankie,Williams,CB
9903,Sheldon,Day,DT
9904,Myles,Jack,OLB
9905,Yannick,Ngakoue,DE
9906,Jalen,Ramsey,CB
9907,Jarrod,Wilson,DB
9910,Tyreek,Hill,WR
9911,Chris,Jones,DT
9912,Eric,Murray,CB
9913,Dadi,Nicolas,LB
9914,Demarcus,Robinson,WR
9915,KeiVarae,Russell,CB
9916,Ross,Travis,TE
9917,D.J.,White,CB
9918,JOsh,Forrest,ILB
9919,Jared,Goff,QB
9920,NIcholas,Grigsby,LB
9921,Temarrick,Hemingway,TE
9922,Tyler,Higbee,TE
9923,Cory,Littleton,OLB
9926,Mike,Thomas,WR
9927,Leonte,Carroo,WR
9929,Jakeem,Grant,WR
9930,Jordan,Lucas,SS
9932,Mackensie,Alexander,CB
9933,Kentrell,Brothers,OLB
9934,Jayron,Kearse,DE
9935,David,Morgan,TE
9936,Laquon,Treadwell,WR
9937,Jacoby,Brissett,QB
9938,D.J.,Foster,RB
9939,Cyrus,Jones,CB
9940,Jonathan,Jones,CB
9942,Elandon,Roberts,ILB
9944,Vincent,Valentine,DT
9945,Vonn,Bell,FS
9946,Ken,Crawley,CB
9948,De'Vante,Harris,CB
9949,Tommylee,Lewis,WR
9951,David,Onyemata,DT
9952,Michael,Thomas,WR
9954,Jerell,Adams,TE
9955,Eli,Apple,CB
9956,B.J.,Goodson,OLB
9957,Roger,Lewis,WR
9958,Romeo,Okwara,DE
9959,Paul,Perkins,RB
9960,Sterling,Shepard,WR
9961,Robby,Anderson,WR
9962,Juston,Burris,CB
9965,Jordan,Jenkins,OLB
9966,Darron,Lee,OLB
9967,Jalin,Marshall,WR
9968,Charone,Peake,WR
9970,Lawrence,Thomas,DT
9972,Connor,Cook,QB
9973,Shilique,Calhoun,LB
9974,Antonio,Hamilton,DB
9975,Johnny,Holton,WR
9976,Cory,James,OLB
9977,Karl,Joseph,DE
9978,Darius,Latham,DT
9979,Jalen,Richard,RB
9980,Jihad,Ward,DE
9981,DeAndre,Washington,RB
9983,Jalen,Mills,FS
9985,C.J.,Smith,CB
9986,Paul,Turner,WR
9987,Destiny,Vaeao,DT
9991,Artie,Burns,CB
9992,Sean,Davis,CB
9993,Javon,Hargrave,DT
9994,Tyler,Matakevich,OLB
9996,Joey,Bosa,DE
9997,Jatavis,Brown,OLB
9998,Kenneth,Farrow,RB
9999,Hunter,Henry,TE
10001,Chris,Landrum,LB
10002,Dexter,McCoil,DB
10007,Ronald,Blair,DE
10008,DeForest,Buckner,DE
10009,Aaron,Burbridge,WR
10011,Rashard,Robinson,CB
10013,Trevone,Boykin,QB
10014,Alex,Collins,RB
10015,DeAndre,Elliott,CB
10020,Quinton,Jefferson,DT
10022,Tanner,McEvoy,DB
10025,Tyvis,Powell,FS
10026,C.J.,Prosise,RB
10027,Jarran,Reed,DT
10029,Roberto,Aguayo,K
10033,Alan,Cross,TE
10034,Vernon,Hargreaves,CB
10035,Davonte,Lambert,DT
10038,Channing,Ward,DE
10040,Kevin,Byard,DE
10042,Kevin,Dodd,LB
10043,Derrick,Henry,RB
10045,Tajae,Sharpe,WR
10046,LeShaun,Sims,CB
10048,Aaron,Wallace,OLB
10049,Su'a,Cravens,DB
10050,Kendall,Fuller,CB
10051,Rob,Kelley,RB
10052,Anthony,Lanier,DE
10054,Will,Lutz,K
10055,Kamu,Grugier-Hill,OLB
10056,Tyrone,Holmes,DE
10058,Briean,Boddy-Calhoun,CB
10059,Andrew,Adams,DB
10060,Braeden,Bowman,TE
10061,Cre'von,Leblanc,CB
10063,Michael,Hunter,MLB
10065,Matthew,Ioannidis,DT
10066,Woodrow,Hamilton,DT
10067,Marqui,Christian,DB
10068,Peyton,Barber,RB
10089,Jake,Lampman,WR
10093,Don,Jackson,RB
10098,Kevin,Hogan,QB
10099,Troymaine,Pope,RB
10166,Maurice,Harris,WR
10167,Geronimo,Allison,WR
10175,Bryce,Treggs,WR
10176,Terrance,Smith,ILB
11194,Lafayette,Pitts,DB
11309,Joe,Kerridge,RB
11377,Danny,Vitale,RB
11378,James,Cowser,DE
11501,Kalif,Raymond,WR
11502,Alex,Ellis,TE
11503,Michael,Jordan,DB
11504,Ufomba,Kamalu,DE
11505,Branden,Jackson,DE
11510,Chris,Milton,DB
11547,Freddie,Bishop,LB
11548,Javien,Elliott,DB
11549,Doug,Middleton,DB
11574,Morgan,Fox,DE
11577,Wendall,Williams,WR
11578,Byron,Marshall,WR
11579,Mehdi,Abdesmad,DE
11580,Quentin,Gause,LB
11614,Bralon,Addison,WR
11615,Kalan,Reed,DB
11616,Blake,Countess,CB
11617,"Prince Charles",Iworah,CB
11623,DeMarcus,Ayers,WR
11624,Henry,"Krieger Coble",TE
11656,Antwaun,Woods,DT
11657,Travell,Dixon,DB
11658,Johnny,Maxey,DT
11659,Stephen,Weatherly,DE
11660,Bryson,Keeton,DB
11661,Paul,McRoberts,WR
